source_code,identifier,rotulo,title,date,format,description,relation
PUBLICACIONES-C001,ES-CEDCS-ZARZA-PUBLICACIONES-C001,C001,"[Caja 1: Materiales para preparación de libro ""diseño SIN diseño. Cincuenta objetos anarquistas"" ]",[s.f.] - 2013,1 caja de archivo definitivo (contiene 3 carpetas de conservación).,"Materiales de trabajo y pruebas de edición para el libro [diseño SIN diseño. Cincuenta objetos anarquistas]. Contiene un ejemplar desmontado de pruba, otro ejemplar completo, fotocopias de referencia, notas manuscritas preparatorias y expedientes grapados de producción.",PUBLICACIONES
PUBLICACIONES-C001-P001,ES-CEDCS-ZARZA-PUBLICACIONES-C001-P001,C001-P001,"[Carpeta 1: Prueba de imprenta de  ""diseño SIN diseño. Cincuenta objetos anarquistas"" y otros documentos]",[s.f.] - 2013,1 carpeta de conservación,"Documentación vinculada al proceso de redacción, maquetación y edición del libro  ""diseño SIN diseño. Cincuenta objetos anarquistas"". Reúne un ejemplar impreso definitivo de la publicación, así como un juego de pruebas de imprenta desmontado con correcciones manuscritas en el texto. Incluye también fotocopias  grapadas: ""Capítulo 5. Visión estereoscópica"" y material fotográfico José Millán-Astray acompañado de una anotación manuscrita con la consigna ""Muera la inteligencia"".",PUBLICACIONES
PUBLICACIONES-C001-P002,ES-CEDCS-ZARZA-PUBLICACIONES-C001-P002,C001-P002,"[Carpeta 2: Borradores preparatorios acumulados durante el proceso de investigación, compilación de fuentes y elaboración del proyecto editorial de la obra ""diseño SIN diseño. Cincuenta objetos anarquistas""]",[s.f.] - 2013,1 carpeta de conservación,"Reúne material de trabajo y borradores preparatorios acumulados durante el proceso de investigación, compilación de fuentes y elaboración del proyecto editorial de la obra ""diseño SIN diseño. Cincuenta objetos anarquistas"". El conjunto integra manuscritos autógrafos, notas de trabajo con fotocomposición manual y material fotográfico adosado a los soportes, copias reprográficas monocromáticas y a color, correspondencia electrónica impresa e impresos preliminares con elementos de señalización y correcciones del texto.",PUBLICACIONES
PUBLICACIONES-C001-P003,ES-CEDCS-ZARZA-PUBLICACIONES-C001-P003,C001-P003,"[Carpeta 3: Posible material preparatorio de libro ""diseño SIN diseño. Cincuenta objetos anarquistas"". Grupos de fotocopias]",[s.f.],1 carpeta de conservación,Documentación de naturaleza exclusivamente textual constituida por agrupaciones de copias reprográficas reunidas mediante elementos metálicos de sujeción (grapas y clips). El conjunto comprende fragmentos e impresos de procedencia y contexto funcional no determinados.,PUBLICACIONES
PUBLICACIONES-C002,ES-CEDCS-ZARZA-PUBLICACIONES-C002,C002,"[Caja 2: Materiales de preparación de libro ""diseño SIN diseño. Cincuenta objetos anarquistas"" y ""La Infiltración"" ]",[ca. 2005 - ca. 2009],1 caja de archivo definitivo (contiene 5 carpetas de conservación).,"Materiales de preparacion de libro ""diseño SIN diseño. Cincuenta objetos anarquistas"" y publicación ""La Infiltración""",PUBLICACIONES
PUBLICACIONES-C002-P001,ES-CEDCS-ZARZA-PUBLICACIONES-C002-P001,C002-P001,"[Carpeta 1: Material preparatorio de libro""diseño SIN diseño. Cincuenta objetos anarquistas""]",[s.f.],1 carpeta de conservación,"Material de trabajo y borradores preparatorios acumulados en el desarrollo del proyecto editorial del libro ""diseño SIN diseño. Cincuenta objetos anarquistas"". El conjunto comprende pruebas de imprenta preliminares con textos de muestra y galeradas con correcciones manuscritas autógrafas, copias reprográficas a color con anotaciones marginales y reproducciones de material gráfico e impresos recortables de la Guerra Civil Española (1936-1939) con representación de iconografía anarquista.",PUBLICACIONES
PUBLICACIONES-C002-P002,ES-CEDCS-ZARZA-PUBLICACIONES-C002-P002,C002-P002,"[Carpeta 2: Material preparatorio de libro""diseño SIN diseño. Cincuenta objetos anarquistas""]",[s.f.],1 carpeta de conservación,"Documentación preparatoria del proceso de revisión, maquetación y fotocomposición para la publicación del libro ""diseño SIN diseño. Cincuenta objetos anarquistas"". El conjunto integra galeradas y pruebas de imprenta con correcciones manuscritas autógrafas en los soportes, acompañadas de material gráfico compuesto por impresiones fotográficas de contacto e imágenes en miniatura seleccionadas para la maquetación de la obra.",PUBLICACIONES
PUBLICACIONES-C002-P003,ES-CEDCS-ZARZA-PUBLICACIONES-C002-P003,C002-P003,"[Carpeta 3: Material preparatorio de libro""diseño SIN diseño. Cincuenta objetos anarquistas""]",2009.0,1 carpeta de conservación,"Documentación vinculada al proceso de revisión editorial, corrección de galeradas y coordinación entre autores para la publicación de la obra ""diseño SIN diseño. Cincuenta objetos anarquistas"". El conjunto reúne pruebas de imprenta con anotaciones y correcciones manuscritas autógrafas en los soportes, junto con correspondencia electrónica impresa relativa a las gestiones de edición e intercambiada por el coautor Koldo Artieda.",PUBLICACIONES
PUBLICACIONES-C002-P004,ES-CEDCS-ZARZA-PUBLICACIONES-C002-P004,C002-P004,"[Carpeta 4: Maqueta de preproducción y borrador de paginación del número 2 de la publicación ""La Infiltración""]",2005.0,1 carpeta de conservación,"Maqueta de preproducción y borrador de paginación (monstruo de imprenta) del número 2 (2005) de la publicación seriada ""La Infiltración"", dedicado al monográfico «La monarquía». La unidad está integrada por copias reprográficas grapadas estructuradas a modo de ejemplar de muestra para el diseño, maquetación y fotocomposición final de la edición.",PUBLICACIONES
PUBLICACIONES-C002-P005,ES-CEDCS-ZARZA-PUBLICACIONES-C002-P005,C002-P005,"[Carpeta 5: Ejemplares de papel A4 para correspondencia en blanco de la publicación ""La Infiltración""]",[s.f.],1 carpeta de conservación,"Ejemplares de papel A4 para correspondencia en blanco de la publicación ""La Infiltración"". Las páginas contienen el logotipo en zona superior, datos de localización postal en L'Escala (Girona) y lema tipografiado al pie (""Precipitemos los acontecimientos"").",PUBLICACIONES
PUBLICACIONES-C003,ES-CEDCS-ZARZA-PUBLICACIONES-C003,C003,[Caja 3: Galeradas y pruebas de imprenta en formato DIN A4 ],[s.f.],1 caja de archivo definitivo (contiene 3 carpetas de conservación).,"Galeradas y pruebas de imprenta en formato DIN A4 (en blanco y negro) con correcciones manuscritas a lápiz en los soportes, correspondientes a la revisión editorial de una obra literaria no identificada, tal vez la biografía de Pedro Luis de Gálvez realizada por Quico Rivas. El conjunto comprende el esquema de sumario y borradores de texto estructurados en la sección ""Primera parte: La forja de un hampón"", e incluye capítulos titulados ""Navidades negras en la Puerta del Sol"", ""La tripulación rinde homenaje a Ramón"" y ""Añoranzas sevillanas y verificación de un texto de Apollinaire"", etc.",PUBLICACIONES
PUBLICACIONES-C003-P001,ES-CEDCS-ZARZA-PUBLICACIONES-C003-P001,C003-P001,[Carpeta 1: Galeradas y pruebas de imprenta carpeta 1 de 3],[s.f.],1 carpeta de conservación,"Galeradas y pruebas de imprenta en formato DIN A4 (en blanco y negro) con correcciones manuscritas a lápiz en los soportes, correspondientes a la revisión editorial de una obra literaria no identificada.",PUBLICACIONES
PUBLICACIONES-C003-P002,ES-CEDCS-ZARZA-PUBLICACIONES-C003-P002,C003-P002,[Carpeta 2: Galeradas y pruebas de imprenta carpeta  2 de 3],[s.f.],1 carpeta de conservación,"Galeradas y pruebas de imprenta en formato DIN A4 (en blanco y negro) con correcciones manuscritas a lápiz en los soportes, correspondientes a la revisión editorial de una obra literaria no identificada.",PUBLICACIONES
PUBLICACIONES-C003-P003,ES-CEDCS-ZARZA-PUBLICACIONES-C003-P003,C003-P003,[Carpeta 3: Galeradas y pruebas de imprenta carpeta 3 de 3],[s.f.],1 carpeta de conservación,"Galeradas y pruebas de imprenta en formato DIN A4 (en blanco y negro) con correcciones manuscritas a lápiz en los soportes, correspondientes a la revisión editorial de una obra literaria no identificada.",PUBLICACIONES
PUBLICACIONES-C004,ES-CEDCS-ZARZA-PUBLICACIONES-C004,C004,[Caja 4: Artículos de prensa de y sobre Kiko Rivas. Otros documentos],[ca. 1999 - ca. 2008],1 caja de archivo definitivo (contiene 2 carpetas de conservación).,"Reúne dossier de prensa, escritos en homenaje y catálogos de exposiciones dedicados a la figura y memoria de Francisco Rivas (Kiko Rivas). El conjunto comprende manuscritos autógrafos sobre el colectivo C.O.A.I.N. , un ejemplar impreso del ""Comunicado número 2"" de dicha agrupación, ensayos y artículos de crítica de arte redactados por Kiko Rivas sobre artistas plásticos, copias reprográficas de fragmentos de libros y publicaciones, composiciones poéticas y reproducciones de material gráfico y periodístico de y sobre el autor.",PUBLICACIONES
PUBLICACIONES-C004-P001,ES-CEDCS-ZARZA-PUBLICACIONES-C004-P001,C004-P001,[Carpeta 1: Prensa Kiko Rivas carpeta 1 de 2],[ca. 1999 - ca. 2008],1 carpeta de conservación,"Reúne dossier de prensa, homenajes y catálogos dedicados a la trayectoria artística y memoria de Francisco Rivas (Kiko Rivas). Incluye el manuscrito de C.O.A.I.N. ""Comunicado número 2: A Grazalema!!!... es el Lema"" para una exposición conmemorativa, fotocopias del libro ""EL PASO DEL ECUADOR DE LUIS CLARAMUNT"", recortes de prensa, ejemplar de Diagonal y artículos del Diario de Sevilla de 2003 y de la publicación Puerto de las Artes de 1999, composiciones poéticas en homenaje A Kiko Rivas de 2008, relaciones impresas de exposiciones con su repertorio bibliográfico y el catálogo de la exposición ""Before the Poison"" (2008).",PUBLICACIONES
PUBLICACIONES-C004-P002,ES-CEDCS-ZARZA-PUBLICACIONES-C004-P002,C004-P002,[Carpeta 1: Prensa Kiko Rivas carpeta 2 de 2],[ca. 2005],1 carpeta de conservación,"Reúne ensayos y escritos de crítica de arte redactados por Francisco Rivas (Kiko Rivas) sobre artistas plásticos, así como el texto para el proyecto Copilandia titulado ""Tecnoliberación. Los dialectos moleculares de la anarquía"" (2005). El conjunto integra el impreso ""Comunicado número 2"" del colectivo C.O.A.I.N., copias reprográficas de fragmentos de libros y publicaciones (entre ellas la edición poética de César González-Ruano prologada y anotada por Kiko Rivas), composiciones poéticas, reproducciones de material gráfico y un dossier de prensa con artículos periodísticos de y sobre Kiko Rivas.",PUBLICACIONES
PUBLICACIONES-C005,ES-CEDCS-ZARZA-PUBLICACIONES-C005,C005,[Carpeta A2: Ejemplares de Refractor y La Infiltración],[s.f.],1 carpeta tamaño A2 de conservación,"Agrupación documental integrada por cuatro carpetas de conservación (tres dedicadas a la publicación  ""Refractor"" y una a ""La Infiltración""). Reúne ejemplares impresos de ambas publicaciones, borradores preparatorios de edición, impresos de difusión y propaganda (afiches y folletos), recortes de prensa y material fotográfico con retratos de colaboradores y participantes en los eventos vinculados, identificándose imágenes de Rafael Zarza y Francisco Rivas (Kiko Rivas). Incluye tambien bocetos en fotocopia, un ejemplar de ""A LA GUILLOTINA"" y un ejemplar de ""El Plante"".",PUBLICACIONES
PUBLICACIONES-C006,ES-CEDCS-ZARZA-PUBLICACIONES-C006,C006,[Caja 6: Materiales relevantes Refractor 1],[ca. 1997 - ca. 2001],1 caja de archivo definitivo (contiene 2 carpetas de conservación).,"Documentación preparatoria, de gestión y difusión de la publicación seriada ""Refractor"". El conjunto comprende recortes de prensa impresos, ejemplares de los textos monográficos ""El sol negro"" y ""Variaciones Orsini"", papelería corporativa timbrada, impresiones con propuestas de diseño de logotipos, estampaciones de sellos e impresos de propaganda (octavillas).",PUBLICACIONES
PUBLICACIONES-C006-P001,ES-CEDCS-ZARZA-PUBLICACIONES-C006-P001,C006-P001,"[Carpeta 1: Refractor: Recortes prensa, El Sol Negro y varios]",[ca. 1997 - ca. 2001],1 carpeta de conservación,"Agrupación de carpetas de conservación relativas a la gestión, difusión y dossiers de prensa de la publicación ""Refractor"" (1998-2001). Reúne una nota manuscrita autógrafa de David ""Rag Cutter"" sobre la documentación, la carpeta rotulada ""G8 Enova"" con recortes de prensa impresos de la época de la publicación (1998-2001), las carpetas tituladas ""El sol negro y las variaciones Orsini"" y ""A por el todo"" con impresos diversos de difusión, así como una carpeta con carátula de expediente contable titulada ""Refractor : recibos, albaranes, presupuestos, facturas..."" desprovista de contenido documental en su interior.",PUBLICACIONES
PUBLICACIONES-C006-P002,ES-CEDCS-ZARZA-PUBLICACIONES-C006-P002,C006-P002,"[Carpeta 2: Refractor: Papel timbrado, sellos , logos y octavillas]",[ca. 1997 - ca. 2001],1 carpeta de conservación,"Carpeta de conservación rotulada ""Papel timbrado, sellos, logos, octavillas"". El conjunto reúne papelería corporativa timbrada e impresos en blanco y documentacion variada.",PUBLICACIONES
PUBLICACIONES-C007,ES-CEDCS-ZARZA-PUBLICACIONES-C007,C007,[Caja 7: Materiales relevantes Refractor 2],[ca. 1997 - ca. 2001],1 caja de archivo definitivo (contiene 2 carpetas de conservación).,"Agrupación de carpetas de conservación con materiales de trabajo y edición de la publicación seriada ""Refractor"". El conjunto contiene la carpeta rotulada ""Textos varios Refractor"" con borradores y textos del proceso editorial, la carpeta titulada ""Iconografía Refractor"" acompañada de bocetos e impresos preparatorios para el póster ""Los Borbones en pelota"", y la carpeta rotulada ""Notas al vuelo, avisos, mensajes, correspondencia Refractor + Infiltración"", comprensiva de notas autógrafas, avisos y correspondencia intercambiada entre los grupos editoriales de las publicaciones ""Refractor"" y ""La Infiltración"".",PUBLICACIONES
PUBLICACIONES-C007-P001,ES-CEDCS-ZARZA-PUBLICACIONES-C007-P001,C007-P001,[Carpeta 1: Refractor: Textos varios Refractor y otros documentos],[ca. 1997 - ca. 2001],1 carpeta de conservación,"Carpeta de conservación rotulada ""Textos varios Refractor"". El conjunto reúne borradores manuscritos e impresos, galeradas de edición con correcciones y anotaciones manuscritas autógrafas sobre los soportes, esquemas de sumarios e índices, y copias reprográficas de trabajo utilizadas en la redacción, revisión y maquetación de la publicación ""Refractor"".",PUBLICACIONES
PUBLICACIONES-C007-P002,ES-CEDCS-ZARZA-PUBLICACIONES-C007-P002,C007-P002,"[Carpeta 2: Refractor: Maquetas, textos e incoinografía]",[ca. 1997 - ca. 2001],1 carpeta de conservación,"Reúne materiales de trabajo y maquetas de preproducción de la publicación seriada ""Refractor"". El conjunto integra la carpeta titulada ""Iconografía Refractor"" con copias reprográficas de fuentes e iconografía gráfica, borradores de artículos en proceso de redacción con correcciones manuscritas autógrafas, así como impresos y bocetos preparatorios para el póster ""Los Borbones en pelota"". Se completa con la carpeta rotulada ""Notas al vuelo, avisos, mensajes, correspondencia Refractor + Infiltración"", comprensiva de correspondencia, notas autógrafas y avisos administrativos intercambiados entre los equipos editoriales de las publicaciones ""Refractor"" y ""La Infiltración"".",PUBLICACIONES
PUBLICACIONES-C008,ES-CEDCS-ZARZA-PUBLICACIONES-C008,C008,[Caja 8: Materiales relevantes Refractor 3],[ca. 1997 - ca. 2001],1 caja de archivo definitivo (contiene 3 carpetas de conservación).,"Reúne documentación preparatoria, de gestión y difusión de la publicación seriada ""Refractor"" y del colectivo Ediciones Los Troncos (1998). Comprende ejemplares impresos y copias reprográficas de ""Refractor"", borradores de debate editorial, textos autógrafos de Luis Falcón, dossier de prensa, propaganda (afiches y fanzines del evento ""El estado es la obra de arte"" y del II Salón Refractario en la Galería Buades), información sobre Cruz Negra Anarquista y un ejemplar de la publicación ""Amor y rabia"" (número 55).",PUBLICACIONES
PUBLICACIONES-C008-P001,ES-CEDCS-ZARZA-PUBLICACIONES-C008-P001,C008-P001,[Carpeta 1: Refractor: Documetacion y prensa recibida,[ca. 1997 - ca. 2001],1 carpeta de conservación,"Reúne documentación preparatoria y ejemplares de la publicación seriada ""Refractor"". El conjunto integra borradores e impresos de textos sometidos a debate editorial, ejemplares originales y copias reprográficas de números de la publicación, la reproducción reprográfica del cartel promocional de presentación del número 3 (fechado el 23 de abril de 1998), así como la carpeta de conservación rotulada ""prensa recibida Refractor"" con recortes de prensa e impresos de publicaciones periódicas contemporáneas.",PUBLICACIONES
PUBLICACIONES-C008-P002,ES-CEDCS-ZARZA-PUBLICACIONES-C008-P002,C008-P002,[Carpeta 2: Refractor: Bocangel y documentacion variada],[ca. 1997 - ca. 2001],1 carpeta de conservación,"Sobre de conservación rotulado ""Archivar Refractor + Ediciones Los Troncos"" con documentación de gestión, difusión y actividades de la publicación ""Refractor"" y el colectivo Ediciones Los Troncos. Reúne impresos y materiales del evento ""El estado es la obra de arte"", celebrado el 5 de junio de 1998 en Madrid (calle Bocángel, 59), fanzines y publicaciones de formato menor, borradores de trabajo, impresos de propaganda (afiches), documentación informativa sobre Cruz Negra Anarquista, recortes de prensa y reproducciones reprográficas de ""Refractor"". Incluye asimismo una carpeta de conservación con impresos informativos sobre las actividades de tatuaje desarrolladas en la sede de la calle San Carlos número 13.",PUBLICACIONES
PUBLICACIONES-C008-P003,ES-CEDCS-ZARZA-PUBLICACIONES-C008-P003,C008-P003,[Carpeta 3: Refractor: Bocangel y segundo salón refractario],[ca. 1997 - ca. 2001],1 carpeta de conservación,"Reúne documentación de gestión, difusión y producción de actividades vinculadas a la publicación ""Refractor"" (1998). El conjunto comprende textos firmados por Luis Falcón de abril de 1998, impresos informativos del evento celebrado el 5 de junio de 1998 en la calle Bocángel, folletos de propaganda para la presentación del número 2 de ""Refractor"", la relación de artistas participantes en el II Salón Refractario en la Galería Buades (1998) y un ejemplar de la publicación seriada ""Amor y rabia"" (número 55).",PUBLICACIONES
PUBLICACIONES-C009,ES-CEDCS-ZARZA-PUBLICACIONES-C009,C009,[Caja 9: Materiales relevantes Refractor 4],[ca. 1997 - ca. 2001],1 caja de archivo definitivo (contiene 2 carpetas de conservación).,"Reúne documentación de difusión, dossiers de prensa y materiales de trabajo de la publicación seriada ""Refractor"" y de los Salones Refractarios. Incluye borradores de debate editorial, impresos promocionales de los números 1 al 5, dossiers del I y II Salón Refractario en la Galería Buades (1998), un ejemplar de ""El municipio español desde la época de Roma"" (1945), carteles promocionales, una fotografía original de Rafael Montesinos e información sobre la exposición de Sevilla (2018).",PUBLICACIONES
PUBLICACIONES-C009-P001,ES-CEDCS-ZARZA-PUBLICACIONES-C009-P001,C009-P001,[Carpeta 1: Refractor: Documentacion variada y KAX 1013],[ca. 1997 - ca. 2001],1 carpeta de conservación,"Reúne documentación de difusión, actividades y material gráfico vinculados a la publicación ""Refractor"". El conjunto comprende dossier informativo del II Salón Refractario en la Galería Buades, impresos del acto de presentación de la revista ""Refractor"" (con intervención de Antonio Artero, Kiko Rivas, Ernesto García Camarero y Julián Marcos), un ejemplar del capítulo 2 de la publicación ""El municipio español desde la época de Roma"" (1945) y el cartel de convocatoria de ""Club de Ciudadanos"". Se completa con reproducciones reprográficas del cartel de ""Refractor 2"" con la leyenda ""KAX 1013 El partido del diablo"", croquis de localización manuscrito de las sedes y una fotografía original de Rafael Montesinos que registra la inscripción manuscrita ""Dios es negra"".",PUBLICACIONES
PUBLICACIONES-C009-P002,ES-CEDCS-ZARZA-PUBLICACIONES-C009-P002,C009-P002,[Carpeta 2: Refractor: Documentación variada y salones refractarios],[ca. 1997 - ca. 2001],1 carpeta de conservación,"Reúne documentación de gestión, difusión y dossiers de prensa de la publicación seriada ""Refractor"". El conjunto comprende materiales informativos de la presentación del número 1 en el estudio de tatuajes de la calle San Marcos y en el Travelin Bar, de los números 4-5 en la sede de la calle Bocángel, así como los dossiers del I Salón Refractario y del II Salón Refractario celebrado en la Galería Buades (10 de febrero de 1998). Se completa con recortes de prensa sobre los Salones Refractarios y la exposición de Sevilla de septiembre de 2018, además de un conjunto de textos sometidos a debate editorial.",PUBLICACIONES
PUBLICACIONES-C010,ES-CEDCS-ZARZA-PUBLICACIONES-C010,C010,[Caja 10: Kiko Rivas y Antonio Pérez 1 de 2],[s.f.],1 caja de archivo definitivo (contiene 2 carpetas de conservación).,"Reúne documentación personal, editorial y jurídica de Francisco Rivas (Kiko Rivas) y Antonio Pérez. Incluye la carpeta ""Kiko Rivas"" con galeradas corregidas de ""Refractor"", correspondencia, fotografías, el catálogo ""Before the Poison"", publicaciones de Equipo Múltiple (1969-1972) y los ""Textos refractarios"" de Alí Calabrés. Se completa con los escritos de Antonio Pérez (""La internacional de la credulidad""), propaganda política, un ejemplar del ""Boletín 00"" (1999), un CD-ROM (2005), expedientes judiciales y el texto de la pieza dramática ""Venganza picoleta"".",PUBLICACIONES
PUBLICACIONES-C010-P001,ES-CEDCS-ZARZA-PUBLICACIONES-C010-P001,C010-P001,"[Carpeta 1: Kiko Rivas ""EL LIBRO ROJO"" y documentacion variada]",[s.f.],1 carpeta de conservación,"Carpeta rotulada ""Kiko Rivas"". Reúne documentación personal, bio-bibliográfica y editorial de Francisco Rivas (Kiko Rivas) y colaboradores. El conjunto contiene galeradas de la publicación ""Refractor"" con correcciones manuscritas autógrafas de Kiko Rivas, correspondencia electrónica de Rafael Zarza, la nota manuscrita ""Para el gran Kiko"", ensayos de Kiko Rivas y un folio manuscrito con el directorio telefónico de colaboradores de ""Refractor"". Se completa con el catálogo de la exposición ""Before the Poison"", la ilustración ""Castelo Belo"", impresiones digitales a color de reportajes fotográficos de Kiko Rivas y Rafael Zarza, reproducciones gráficas a color sobre la ""Bomba Orsini"", carteles del Salón Refractario, un comunicado de C.O.A.I.N., publicaciones del colectivo Equipo Múltiple (1969-1972), dossier de prensa e impresos de los ""Textos refractarios"" de Alí Calabrés (Emilio Sola). Segunda carpeta rotulada ""EL LIBRO ROJO"" con collages originales de Kiko Rivas.",PUBLICACIONES
PUBLICACIONES-C010-P002,ES-CEDCS-ZARZA-PUBLICACIONES-C010-P002,C010-P002,[Carpeta 2: Antonio Pérez y documentacion variada],[s.f.],1 carpeta de conservación,"Reúne documentación producida, reunida e interpuesta por Antonio Pérez. El conjunto integra impresos y ensayos del autor, una carpeta de conservación con los textos titulados ""La internacional de la credulidad"", impresiones fotográficas a color en formato DIN A4 y un soporte óptico (CD-ROM) rotulado ""Tres dibujos yanomami"" de marzo de 2005. Se completa con documentación y propaganda de carácter político, un ejemplar del ""Boletín 00"" (marzo de 1999), varios expedientes judiciales compuestos por sentencias, resoluciones y recursos de apelación, y un ejemplar impreso de la pieza dramática ""Venganza picoleta"" (tragicomedia de actualidad en tres actos) firmada por Euclides Perdomo.",PUBLICACIONES
PUBLICACIONES-C011,ES-CEDCS-ZARZA-PUBLICACIONES-C011,C011,[Caja 11: Kiko Rivas y Antonio Pérez 2 de 2],[s.f.],1 caja de archivo definitivo (contiene 2 carpetas de conservación).,"Reúne documentación de Antonio Pérez y Francisco Rivas (Kiko Rivas) (1956-2006). Incluye un ejemplar de la novela ""Dos amigos casuales"" (1956), borradores con correcciones autógrafas de Antonio Pérez, materiales del seminario de la Fundación César Manrique (2006), carpetas temáticas y dos CD-ROM. Se completa con los expedientes organizativos, impresos de difusión (carteles y afiches), dossier de prensa y reportajes fotográficos a color de la exposición en homenaje a Kiko Rivas en la Nelson Gallery (""A Grazalema es el lema, C.O.A.I.N. archivo Q, Nelson Gallery"").",PUBLICACIONES
PUBLICACIONES-C011-P001,ES-CEDCS-ZARZA-PUBLICACIONES-C011-P001,C011-P001,"[Carpeta 1: Antonio Pérez documentación personal, de investigación y producción intelectual]",[s.f.],1 carpeta de conservación,"Reúne documentación personal, de investigación y producción intelectual de Antonio Pérez. El conjunto contiene un ejemplar impreso de su novela ""Dos amigos casuales"" (1956), borradores manuscritos e impresos con correcciones autógrafas del autor, materiales preparatorios para el seminario ""Una visión territorial integrada de las islas"" (Fundación César Manrique, 2006) y la carpeta rotulada ""Canal historia masonería"". Se completa con impresiones fotográficas a color con retratos de Kiko Rivas y Rafael Zarza y otros, reproducciones en blanco y negro y dos soportes ópticos (CD-ROM) etiquetados ""Un rey golpe a golpe"" y ""Agosto 04 Antonio Pérez"" (2004).",PUBLICACIONES
PUBLICACIONES-C011-P002,ES-CEDCS-ZARZA-PUBLICACIONES-C011-P002,C011-P002,"[Carpeta 2: Kiko Rivas ""A Grazalema es el lema""]",[s.f.],1 carpeta de conservación,"Carpeta de conservación rotulada ""A Grazalema es el lema, C.OA.I.N. archivo Q, Nelson Gallery"". Reúne documentación organizativa manuscrita, impresos de difusión (afiches y carteles) y registros gráficos de la exposición conmemorativa en homenaje a Francisco Rivas (Kiko Rivas) celebrada en la Nelson Gallery. El conjunto incluye impresiones y copias reprográficas a color con vistas de las galerías, piezas exhibidas y retratos de artistas participantes (Rafael Zarza, Kiko Rivas, Sonia, Marc Viaplana, Willy Dick, David Rag Cutter y Loncho Gil), así como recortes de prensa, fotografías del panteón familiar de Kiko Rivas, la guía de instrucciones para la confección de una cápsula del tiempo conmemorativa y muestras impresas de la tipografía Orsini.",PUBLICACIONES
EXPOSICIONES-C012,ES-CEDCS-ZARZA-EXPOSICIONES-C012,C012,[Caja 12: Catálogos de exposiciones artísticas],[s.f.],1 caja de archivo definitivo (contiene 1 carpeta de conservación).,Reúne catálogos de exposiciones artísticas y publicaciones monográficas de diversos creadores.,EXPOSICIONES
EXPOSICIONES-C012-P001,ES-CEDCS-ZARZA-EXPOSICIONES-C012-P001,C012-P001,[Carpeta 1: Catálogos de exposiciones artísticas y publicaciones monográficas],[s.f.] - 1999,1 carpeta de conservación,"Reúne catálogos de exposiciones artísticas y publicaciones monográficas de diversos creadores (1995-1999). El conjunto contiene catálogos de las exposiciones individuales de Arturo Marián Llanos (""Viento de lo otro"", 1998), Carlos García-Alix, Carlos Blochs (""Sombras"") y Teresa Lanceta (Galería Miguel Espel, 1995). Se completa con ejemplares de las publicaciones ""Qué hago aquí"" (1999), ""La estación sin nombre"" de Emilio Sola y la monografía ""Industrial Revolution and Social Reform in the Manchester Region"".",EXPOSICIONES
PUBLICACIONES-C013,ES-CEDCS-ZARZA-PUBLICACIONES-C013,C013,"[Caja 13: Material gráfico, prensa e impresos de propaganda de temática política y libertaria]",[s.f.],1 caja de archivo definitivo (contiene 2 carpetas de conservación).,"Reúne material gráfico, prensa e impresos de propaganda de temática política y libertaria. Incluye una fotografía original (en blanco y negro) de Javier Campano del mitin confederal de San Sebastián de los Reyes (""Javier Campano. Mitin confederal de San Sebastián de los Reyes, Madrid, 1977""), dos ejemplares del periódico ""CNT"" (2005) y copias reprográficas de publicaciones y fanzines ideológicos.",PUBLICACIONES
PUBLICACIONES-C013-P001,ES-CEDCS-ZARZA-PUBLICACIONES-C013-P001,C013-P001,[Carpeta 1: Fotografía original (en blanco y negro) realizada por el fotógrafo Javier Campano y otros documentos],[s.f.],1 carpeta de conservación,"Reúne material gráfico e impresos de carácter político. Contiene una fotografía original (en blanco y negro) realizada por el fotógrafo Javier Campano, con titulación en el anverso ""Javier Campano. Mitin confederal de San Sebastián de los Reyes, Madrid, 1977"", en la que se registra la composición del símbolo anarquista formado con envases de bebida sobre el suelo en el transcurso del acto político. Se completa con ediciones originales y copias reprográficas de publicaciones y fanzines de propaganda ideológica.",PUBLICACIONES
PUBLICACIONES-C013-P002,ES-CEDCS-ZARZA-PUBLICACIONES-C013-P002,C013-P002,[Carpeta 2: Publicaciones seriadas y prensa ideológica],[s.f.],1 carpeta de conservación,"Reúne publicaciones seriadas y prensa ideológica. El conjunto contiene dos ejemplares impresos del periódico ""CNT"" correspondientes a la edición de marzo de 2005, así como copias reprográficas de publicaciones periódicas, fanzines e impresos de propaganda de temática política y libertaria.",PUBLICACIONES
AUDIOVISUAL-C014,ES-CEDCS-ZARZA-AUDIOVISUAL-C014,C014,[Caja 14: 19 cajas de diapositivas],[s.f.],1 caja de archivo definitivo (contiene 14 cajas de diapositivas).,"Colección de material audiovisual integrada por 19 cajas originales de diapositivas. Los contenedores de conservación se conservan en su mayoría desprovistos de rotulación, con excepción de dos unidades que presentan los epígrafes ""Madrid Royal"" y ""Dinsa Barcelona"".",AUDIOVISUAL
AUDIOVISUAL-C015,ES-CEDCS-ZARZA-AUDIOVISUAL-C015,C015,[Caja 15: 18 cajas de diapositivas],[s.f.],1 caja de archivo definitivo (contiene 18 cajas de diapositivas).,"Colección de material audiovisual organizada en 18 cajas de conservación reinstaladas, procedentes de un lote de diapositivas que presentaba un estado de conservación deficiente y desmembración del ordenamiento físico original. El conjunto conserva un contenedor original rotulado ""Salesianas Madrid"", así como las cartelas y etiquetas originales en cartulina con clasificaciones geográficas (""Navarra"", ""Vasconia"", ""Castilla León"", ""Castilla La Mancha"", ""Cataluña""), desprendidas de sus antiguos recipientes y con presencia de residuos de elementos adhesivos sintéticos que han sido destruidas.",AUDIOVISUAL
AUDIOVISUAL-C016,ES-CEDCS-ZARZA-AUDIOVISUAL-C016,C016,[Caja 16: 20 cajas de diapositivas],[s.f.],1 caja de archivo definitivo (contiene 20 cajas de diapositivas).,"Colección de material audiovisual integrada por diapositivas, reinstalada en 20 cajas de conservación derivadas de la transferencia de sus fundas archivadoras plásticas originales de anillas. La unidad presenta un estado de conservación deficiente debido a degradación térmica y adherencias físico-químicas de las fundas sobre las emulsiones fotográficas, habiéndose mantenido la secuencia y el ordenamiento físico primitivos para garantizar la integridad del conjunto.",AUDIOVISUAL
EXPOSICIONES-C017,ES-CEDCS-ZARZA-EXPOSICIONES-C017,C017,[Caja 17: Proyecto expositivo Kindel],[ca. 1945 - ca. 2007],1 caja de archivo definitivo (contiene 2 carpetas de conservación).,"Reúne expedientes y borradores de proyectos expositivos y culturales (1945-2007). Incluye la documentación sobre el fotógrafo Joaquín del Palacio (Kindel) y su exposición en la Fundación COAM (2007), con carpetas temáticas (""Kindel Bilbao"", ""Kindel Mallorca"", ""Kindel Extremadura""), contactos fotográficos anotados y un DVD. Se completa con el proyecto de Rafael Zarza y Diego Carrasco ""Luis Cernuda, escondido en los muros"" (2002).",EXPOSICIONES
EXPOSICIONES-C017-P001,ES-CEDCS-ZARZA-EXPOSICIONES-C017-P001,C017-P001,[Carpeta 1: Kindel],[ca. 1945 - ca. 2007],1 carpeta de conservación,"Documentación técnica, administrativa y de comisariado para la organización de proyectos expositivos sobre el fotógrafo Joaquín del Palacio (Kindel), entre los que figura la exposición celebrada en la Fundación del Colegio Oficial de Arquitectos de Madrid (COAM) en junio de 2007. El conjunto integra las carpetas de conservación tituladas ""Kindel Bilbao"", ""Kindel arquitecto no selección"", ""gestión urgente archivos pendiente"", ""Kindel Mallorca"", ""Kindel Extremadura"" y ""1945 Extremadura 1947 propuesta de exposición"", memorias descriptivas de montaje, copias reprográficas de hojas de contactos fotográficos con anotaciones manuscritas, un soporte óptico (DVD) y el sobre rotulado ""DVD Kindel"" con documentación complementaria de gestión expositiva.",EXPOSICIONES
EXPOSICIONES-C017-P002,ES-CEDCS-ZARZA-EXPOSICIONES-C017-P002,C017-P002,[Carpeta 2: Luis Cernuda-Escondido en los muros],2002.0,1 carpeta de conservación,"Reúne el expediente y borrador preparatorio del proyecto titulado ""Luis Cernuda, escondido en los muros"", elaborado por Rafael Zarza y Diego Carrasco en Madrid (mayo de 2002). El conjunto comprende la carpeta principal con la memoria descriptiva y la etiqueta manuscrita ""Anexo 3, una justificación posible para proyecto, materiales diversos"", acompañada de una segunda carpeta de conservación con la documentación borrador y los antecedentes de trabajo utilizados en la formulación del proyecto.",EXPOSICIONES
EXPOSICIONES-C018,ES-CEDCS-ZARZA-EXPOSICIONES-C018,C018,[Caja 18: Las otras galerías: del panóptico de Bentham al panóptico digital (La cárcel y las bellas artes en la época moderna)_1],[ca. 1991 - ca. 2003],1 caja de archivo definitivo (contiene 2 carpetas de conservación).,"Reúne el archivo de investigación y documentación preparatoria acumulado por Francisco Rivas (Kiko Rivas) y Rafael Zarza para el proyecto expositivo ""Las otras galerías: del panóptico de Bentham al panóptico digital (La cárcel y las bellas artes en la época moderna)""",EXPOSICIONES
EXPOSICIONES-C018-P001,ES-CEDCS-ZARZA-EXPOSICIONES-C018-P001,C018-P001,[Carpeta 1: Las otras galerías],[ca. 1991 - ca. 2003],1 carpeta de conservación,"Reúne materiales de investigación y documentación preparatoria acumulados para el proyecto expositivo ""Las otras galerías: del panóptico de Bentham al panóptico digital (La cárcel y las bellas artes en la época moderna)"", elaborado en colaboración por Francisco Rivas (Kiko Rivas) y Rafael Zarza. El conjunto contiene un ejemplar de la revista ""Número"", un ejemplar de la publicación seriada ""Colors 50"" (titulado ""Prisión"", de julio de 2002) y la carpeta de conservación rotulada ""Organismos de apoyo a presos. Apoyo organiz."", comprensiva de impresos y documentación informativa sobre asociaciones de asistencia a reclusos.",EXPOSICIONES
EXPOSICIONES-C018-P002,ES-CEDCS-ZARZA-EXPOSICIONES-C018-P002,C018-P002,[Carpeta 2: Las otras galerías],[ca. 1991 - ca. 2003],1 carpeta de conservación,"Reúne materiales de investigación y documentación preparatoria acumulados para el proyecto expositivo ""Las otras galerías: del panóptico de Bentham al panóptico digital (La cárcel y las bellas artes en la época moderna)"", elaborado en colaboración por Francisco Rivas (Kiko Rivas) y Rafael Zarza. Agrupación de carpetas de conservación temáticas con documentación de investigación, copias reprográficas y material gráfico acumulados para el estudio de los sistemas penitenciarios, la arquitectura carcelaria y la represión política. El conjunto reúne la carpeta rotulada ""Cárceles. Imágenes varias"" junto con un póster impreso (en blanco y negro), y las carpetas tituladas ""Pintores encarcelados en el franquismo"", ""Cárceles. Architect."", ""Cárceles antiguas. Torre de Londres. Restos"", ""Cine"", ""Música"" y ""Gulag. Campos concentración nazis. Portugal. Tarrafal"".",EXPOSICIONES
EXPOSICIONES-C019,ES-CEDCS-ZARZA-EXPOSICIONES-C019,C019,[Caja 19: Las otras galerías: del panóptico de Bentham al panóptico digital (La cárcel y las bellas artes en la época moderna)_2],[ca. 1991 - ca. 2003],1 caja de archivo definitivo (contiene 2 carpetas de conservación).,"Reúne el archivo de investigación y documentación preparatoria acumulado por Francisco Rivas (Kiko Rivas) y Rafael Zarza para el proyecto expositivo ""Las otras galerías: del panóptico de Bentham al panóptico digital (La cárcel y las bellas artes en la época moderna)""",EXPOSICIONES
EXPOSICIONES-C019-P001,ES-CEDCS-ZARZA-EXPOSICIONES-C019-P001,C019-P001,[Carpeta 1: Las otras galerías],[s.f.],1 carpeta de conservación,"Reúne materiales de investigación y documentación preparatoria acumulados para el proyecto expositivo ""Las otras galerías: del panóptico de Bentham al panóptico digital (La cárcel y las bellas artes en la época moderna)"", elaborado en colaboración por Francisco Rivas (Kiko Rivas) y Rafael Zarza. El conjunto reúne la carpeta de compilación poética titulada ""Golpes y gritos. Compilación poemas carcelarios"", las carpetas temáticas ""Galería de ilustres"", ""Fugas"", ""Tercer mundo"" y ""Literatura"", pósters impresos e impresiones fotográficas (en blanco y negro). Se completa con seis soportes ópticos (CD-ROM) con archivos digitales y catálogos de feria/museo, rotulados ""Las otras galerías"", ""Vivan los hombres libres. MEIAC Arco 2003"", ""Encarcélate DVD"", ""Catálogo Arco MEIAC Memoriam"", ""Documento Otras Galerías 4 julio 2002"" y una unidad sin titulación legible.",EXPOSICIONES
EXPOSICIONES-C019-P002,ES-CEDCS-ZARZA-EXPOSICIONES-C019-P002,C019-P002,[Carpeta 1: Las otras galerías],[ca. 1991 - ca. 2003],1 carpeta de conservación,"Reúne materiales de investigación y documentación preparatoria acumulados para el proyecto expositivo ""Las otras galerías: del panóptico de Bentham al panóptico digital (La cárcel y las bellas artes en la época moderna)"", elaborado en colaboración por Francisco Rivas (Kiko Rivas) y Rafael Zarza. Reúne publicaciones monográficas, fanzines de propaganda y carpetas de investigación sobre el sistema penitenciario, represión política y subcultura carcelaria. El conjunto incluye un ejemplar de la monografía ""La cárcel modelo de Barcelona (1904-2004)"", un ejemplar del fanzine ""Anarquía y comunismo, Estado chileno"" (otoño de 2017) y carpetas de conservación temáticas tituladas ""Cárceles niños"", ""Humor cómics"", ""Cárcel / drogas, tatuajes, subcultura carcelaria"", ""Cárceles españolas, cárceles franquistas, checas, campo de concentración españoles, COPEL"" y ""Reportajes, recortes, varios, cárceles"". Se completa con ejemplares de prensa plegados, fanzines ideológicos y dossiers con recortes de prensa originales y en copias reprográficas.",EXPOSICIONES
EXPOSICIONES-C020,ES-CEDCS-ZARZA-EXPOSICIONES-C020,C020,[Caja 20: Las otras galerías: del panóptico de Bentham al panóptico digital (La cárcel y las bellas artes en la época moderna)_3],[ca. 1991 - ca. 2003],1 caja de archivo definitivo (contiene 2 carpetas de conservación).,"Reúne el archivo de investigación y documentación preparatoria acumulado por Francisco Rivas (Kiko Rivas) y Rafael Zarza para el proyecto expositivo ""Las otras galerías: del panóptico de Bentham al panóptico digital (La cárcel y las bellas artes en la época moderna)""",EXPOSICIONES
EXPOSICIONES-C020-P001,ES-CEDCS-ZARZA-EXPOSICIONES-C020-P001,C020-P001,[Carpeta 1: Las otras galerías],[ca. 1991 - ca. 2003],1 carpeta de conservación,"Reúne materiales de investigación y documentación preparatoria acumulados para el proyecto expositivo ""Las otras galerías: del panóptico de Bentham al panóptico digital (La cárcel y las bellas artes en la época moderna)"", elaborado en colaboración por Francisco Rivas (Kiko Rivas) y Rafael Zarza. Agrupación de carpetas de conservación temáticas con dossiers de prensa, impresos y copias reprográficas de investigación sobre creación artística, literatura y ámbito penitenciario. El conjunto reúne las carpetas rotuladas ""Literatura. Recortes, prensa, noticias, cárcel, varias"", ""Pintores a considerar. Arte y cárcel"", ""El Rubio"" y ""Reportajes documentales"", así como una carpeta desprovista de titulación comprensiva de recortes de prensa e impresos de trabajo.",EXPOSICIONES
EXPOSICIONES-C020-P002,ES-CEDCS-ZARZA-EXPOSICIONES-C020-P002,C020-P002,[Carpeta 1: Las otras galerías],[ca. 1991 - ca. 2003],1 carpeta de conservación,"Reúne materiales de investigación y documentación preparatoria acumulados para el proyecto expositivo ""Las otras galerías: del panóptico de Bentham al panóptico digital (La cárcel y las bellas artes en la época moderna)"", elaborado en colaboración por Francisco Rivas (Kiko Rivas) y Rafael Zarza. Reúne publicaciones monográficas, revistas periódicas e impresos de difusión sobre temática social, política y penitenciaria. El conjunto incluye un ejemplar de la monografía ilustrada en francés ""La police des images"", un ejemplar de la revista ""Quimera"" (número 128) y un ejemplar de la publicación ""Historia 16"" (octubre de 1978) con el monográfico ""Cárceles en España"". Se completa con la publicación ""Sueño de libertad. Asociación de presos y represaliados políticos antifranquistas"" con impresos de prensa encartados, copias reprográficas a color de reproducciones artísticas, una composición gráfica atribuida a Josechu Dávila en soporte de papel vegetal rotulada ""15 céntimos impresión. Cebolla vegetal A4 Aurelio"", folletos, notas manuscritas con directorios de contactos y páginas de prensa impresa.",EXPOSICIONES
EXPOSICIONES-C021,ES-CEDCS-ZARZA-EXPOSICIONES-C021,C021,[Caja 21: Las otras galerías: del panóptico de Bentham al panóptico digital (La cárcel y las bellas artes en la época moderna)_4],[ca. 1991 - ca. 2003],1 caja de archivo definitivo (contiene 2 carpetas de conservación).,"Reúne el archivo de investigación y documentación preparatoria acumulado por Francisco Rivas (Kiko Rivas) y Rafael Zarza para el proyecto expositivo ""Las otras galerías: del panóptico de Bentham al panóptico digital (La cárcel y las bellas artes en la época moderna)""",EXPOSICIONES
EXPOSICIONES-C021-P001,ES-CEDCS-ZARZA-EXPOSICIONES-C021-P001,C021-P001,[Carpeta 1: Las otras galerías],[ca. 1991 - ca. 2003],1 carpeta de conservación,"Reúne materiales de investigación y documentación preparatoria acumulados para el proyecto expositivo ""Las otras galerías: del panóptico de Bentham al panóptico digital (La cárcel y las bellas artes en la época moderna)"", elaborado en colaboración por Francisco Rivas (Kiko Rivas) y Rafael Zarza. Agrupación de fundas y carpetas de conservación de plástico comprensivas de documentación de trabajo e investigación preparatoria para el proyecto. El conjunto reúne copias reprográficas (monocromáticas y a color) de textos impresos con anotaciones manuscritas autógrafas sobre los soportes, recortes de prensa impresos, impresiones digitales de bocetos de diseño preparatorios y reproducciones de ilustraciones y material gráfico de trabajo.",EXPOSICIONES
EXPOSICIONES-C021-P002,ES-CEDCS-ZARZA-EXPOSICIONES-C021-P002,C021-P002,[Carpeta 2: Las otras galerías],[ca. 1991 - ca. 2003],1 carpeta de conservación,"Reúne materiales de investigación y documentación preparatoria acumulados para el proyecto expositivo ""Las otras galerías: del panóptico de Bentham al panóptico digital (La cárcel y las bellas artes en la época moderna)"", elaborado en colaboración por Francisco Rivas (Kiko Rivas) y Rafael Zarza. Agrupación de fundas y carpetas de conservación de plástico comprensivas de documentación de trabajo e investigación preparatoria para uel proyecto. El conjunto reúne copias reprográficas (monocromáticas y a color) de textos impresos con anotaciones manuscritas autógrafas sobre los soportes, recortes de prensa impresos, impresiones digitales de bocetos de diseño preparatorios y reproducciones de ilustraciones y material gráfico de trabajo.",EXPOSICIONES
EXPOSICIONES-C022,ES-CEDCS-ZARZA-EXPOSICIONES-C022,C022,[Caja 22: Las otras galerías: del panóptico de Bentham al panóptico digital (La cárcel y las bellas artes en la época moderna)_5],[ca. 1991 - ca. 2003],1 caja de archivo definitivo (contiene 3 carpetas de conservación).,"Reúne el archivo de investigación y documentación preparatoria acumulado por Francisco Rivas (Kiko Rivas) y Rafael Zarza para el proyecto expositivo ""Las otras galerías: del panóptico de Bentham al panóptico digital (La cárcel y las bellas artes en la época moderna)""",EXPOSICIONES
EXPOSICIONES-C022-P001,ES-CEDCS-ZARZA-EXPOSICIONES-C022-P001,C022-P001,[Carpeta 1: Las otras galerías],[ca. 1991 - ca. 2003],1 carpeta de conservación,"Reúne materiales de investigación y documentación preparatoria acumulados para el proyecto expositivo ""Las otras galerías: del panóptico de Bentham al panóptico digital (La cárcel y las bellas artes en la época moderna)"", elaborado en colaboración por Francisco Rivas (Kiko Rivas) y Rafael Zarza. Agrupación de fundas y carpetas de conservación de plástico comprensivas de documentación de trabajo e investigación preparatoria para uel proyecto. El conjunto reúne copias reprográficas (monocromáticas y a color) de textos impresos con anotaciones manuscritas autógrafas sobre los soportes, recortes de prensa impresos, impresiones digitales de bocetos de diseño preparatorios y reproducciones de ilustraciones y material gráfico de trabajo.",EXPOSICIONES
EXPOSICIONES-C022-P002,ES-CEDCS-ZARZA-EXPOSICIONES-C022-P002,C022-P002,[Carpeta 2: Las otras galerías],[ca. 1991 - ca. 2003],1 carpeta de conservación,"Reúne materiales de investigación y documentación preparatoria acumulados para el proyecto expositivo ""Las otras galerías: del panóptico de Bentham al panóptico digital (La cárcel y las bellas artes en la época moderna)"", elaborado en colaboración por Francisco Rivas (Kiko Rivas) y Rafael Zarza. Reúne fundas de plástico y carpetas de conservación con material preparatorio para el proyecto expositivo. El conjunto integra copias reprográficas (en blanco y negro) de planos arquitectónicos, dibujos e ilustraciones de centros carcelarios, la carpeta titulada ""La cárcel por dentro. Dibujos de Luis Quintanilla (1934)"" con prólogo de Julián Zugazagoitia y reproducciones de retratos a lápiz de reclusos, así como la copia reprográfica de la monografía ""Golpes y gritos. Poemas en la cárcel"", compilada por Daniel Pont.",EXPOSICIONES
EXPOSICIONES-C022-P003,ES-CEDCS-ZARZA-EXPOSICIONES-C022-P003,C022-P003,[Carpeta 3: Las otras galerías],[ca. 1991 - ca. 2003],1 carpeta de conservación,"Reúne materiales de investigación y documentación preparatoria acumulados para el proyecto expositivo ""Las otras galerías: del panóptico de Bentham al panóptico digital (La cárcel y las bellas artes en la época moderna)"", elaborado en colaboración por Francisco Rivas (Kiko Rivas) y Rafael Zarza. Reúne soportes audiovisuales y digitales vinculados al proyecto expositivo. El conjunto contiene una videocinta en soporte magnético (VHS) sin rotulación y siete soportes ópticos (CD-ROM) con bancos de imágenes, registros audiovisuales y catálogos de exposiciones, titulados ""Cárcel 260 imágenes + vídeo"" (16 de enero de 2002), ""Galerías del otro lado"" (tres unidades), ""Cárcel 90 primeras imágenes"", ""Dalmaz Isaiz Díaz"" y ""Arco MEIAC 2003 Obras"", junto con la funda de conservación desprovista de disco etiquetada ""Catálogo Arco MEIAC Memoria"".",EXPOSICIONES
EXPOSICIONES-C023,ES-CEDCS-ZARZA-EXPOSICIONES-C023,C023,[Caja 23: Las otras galerías: del panóptico de Bentham al panóptico digital (La cárcel y las bellas artes en la época moderna)_6],[ca. 1991 - ca. 2003],1 caja de archivo definitivo (contiene 2 carpetas de conservación).,"Reúne el archivo de investigación y documentación preparatoria acumulado por Francisco Rivas (Kiko Rivas) y Rafael Zarza para el proyecto expositivo ""Las otras galerías: del panóptico de Bentham al panóptico digital (La cárcel y las bellas artes en la época moderna)""",EXPOSICIONES
EXPOSICIONES-C023-P001,ES-CEDCS-ZARZA-EXPOSICIONES-C023-P001,C023-P001,[Carpeta 1: Las otras galerías],[ca. 1991 - ca. 2003],1 carpeta de conservación,"Reúne materiales de investigación y documentación preparatoria acumulados para el proyecto expositivo ""Las otras galerías: del panóptico de Bentham al panóptico digital (La cárcel y las bellas artes en la época moderna)"", elaborado en colaboración por Francisco Rivas (Kiko Rivas) y Rafael Zarza. Reúne publicaciones seriadas, monografías y material de diseño expositivo. El conjunto contiene ejemplares de la revista ""Punto de Fuga"" (número 10 de marzo de 2011 y número 11 de julio de 2012), un ejemplar en lengua portuguesa de ""Historias do cárcere"" de Juan Gómez Casas (serie ""Cadernos Peninsulares""), un ejemplar de la monografía ""You Are Under Arrest (2000-2002)"" de Jonathan Hernández y un ejemplar de la revista ""Educación y Biblioteca"" (diciembre de 1997) con el monográfico ""Servicios bibliotecarios en las prisiones"". Se completa con recortes de prensa impresos con anotaciones manuscritas, copias reprográficas y la reproducción de un plano arquitectónico en vista cenital para el diseño del espacio expositivo.",EXPOSICIONES
EXPOSICIONES-C023-P002,ES-CEDCS-ZARZA-EXPOSICIONES-C023-P002,C023-P002,[Carpeta 2: Las otras galerías],[ca. 1991 - ca. 2003],1 carpeta de conservación,"Reúne materiales de investigación y documentación preparatoria acumulados para el proyecto expositivo ""Las otras galerías: del panóptico de Bentham al panóptico digital (La cárcel y las bellas artes en la época moderna)"", elaborado en colaboración por Francisco Rivas (Kiko Rivas) y Rafael Zarza. El conjunto contiene reportajes fotográficos originales de recintos carcelarios y armamento de fabricación artesanal, tarjetas gráficas con inscripciones manuscritas tituladas ""Giovanni Barchia. Desde el abismo carcelario"", recortes de prensa, folletos y un sobre de correspondencia de Francisco Rivas dirigido a Sara Maneiro. Se completa con cinco soportes ópticos (CD-ROM) con archivos digitales y bancos de imágenes de las ferias de arte (rotulados ""Alonso Gil. Prisioneros. Óleo sobre lienzo 2002"", ""Refractor. Movidas varias a seleccionar"", ""Arco Meiac 2003 Obras"", ""Otras galerías"" y ""Fotos stand. Otras galas. Arco 2003 Montse""), así como ejemplares monográficos de los libros ""Burgos. Prisión central"" de Antonio G. Pericás, ""Prison Works"" y la publicación en francés ""Les prisons de Franco"" con elementos autoadhesivos de señalización de lectura.",EXPOSICIONES
EXPOSICIONES-C024,ES-CEDCS-ZARZA-EXPOSICIONES-C024,C024,[Caja 24: Las otras galerías: del panóptico de Bentham al panóptico digital (La cárcel y las bellas artes en la época moderna)_7],[ca. 1991 - ca. 2003],1 caja de archivo definitivo (contiene 1 carpeta de conservación).,"Reúne el archivo de investigación y documentación preparatoria acumulado por Francisco Rivas (Kiko Rivas) y Rafael Zarza para el proyecto expositivo ""Las otras galerías: del panóptico de Bentham al panóptico digital (La cárcel y las bellas artes en la época moderna)""",EXPOSICIONES
EXPOSICIONES-C024-P001,ES-CEDCS-ZARZA-EXPOSICIONES-C024-P001,C024-P001,[Carpeta 1: Las otras galerías. Posible proyecto final],[ca. 1991 - ca. 2003],1 carpeta de conservación,"Reúne el archivo de investigación y documentación preparatoria acumulado por Francisco Rivas (Kiko Rivas) y Rafael Zarza para el proyecto expositivo ""Las otras galerías: del panóptico de Bentham al panóptico digital (La cárcel y las bellas artes en la época moderna)"" Reúne el expediente borrador y la documentación técnica final del proyecto expositivo sobre la institución carcelaria, conservado en carpeta de plástico y con desmembración del ordenamiento físico original. El conjunto integra copias reprográficas (en blanco y negro) de textos e ilustraciones con anotaciones manuscritas autógrafas sobre los soportes, impresiones a color de piezas artísticas y espacios expositivos, ensayos de diseño de cubierta con variantes tipográficas tituladas ""Del panóptico de Bentham al panóptico digital"", alzados arquitectónicos y planos de recintos penitenciarios en vista cenital, borradores de texto con correcciones, hojas de trabajo numeradas y  listados de artistas participantes.",EXPOSICIONES
PUBLICACIONES-C025,ES-CEDCS-ZARZA-PUBLICACIONES-C025,C025,[Caja 25: La Infiltración],[ca. 2002 - ca. 2008],1 caja de archivo definitivo (contiene 2 carpetas de conservación).,"Reúne expedientes de preproducción, diseño gráfico y propaganda de las publicaciones seriadas ""La Infiltración"" y ""Refractor"" (2002-2008). El conjunto contiene maquetas de imprenta (monstruos), manuscritos autógrafos, ilustraciones de Rafael Zarza (""Un infiltrado se las ve venir""), bocetos de logotipo sobre papel de seda, collages, pasquines (""La CNT volverá a ser la leche"") y dos ejemplares del periódico ""CNT"" (2008). Se completa con dossiers de exposiciones (""Poca plata"" en el espacio Cruce), la carpeta ""Textos varios Refractor Infiltración Escoria"", un soporte magnético (disquete 3,5""), materiales de la CIA (""Conspiración Internacional Anarquista"") y la revista ""Semana"" (2002).",PUBLICACIONES
PUBLICACIONES-C025-P001,ES-CEDCS-ZARZA-PUBLICACIONES-C025-P001,C025-P001,"[Carpeta 1: Materiales de preproducción, diseño y difusión de las publicaciones ""La Infiltración""]",[ca. 2002 - ca. 2008],1 carpeta de conservación,"Agrupación de carpetas de conservación y materiales de preproducción, diseño y difusión de las publicaciones ""La Infiltración"" y ""Refractor"" (ca. 2008). Reúne la carpeta ""La Infiltración 3-8 MY"" con maquetas de imprenta (monstruos), manuscritos autógrafos del equipo editorial, ilustraciones de Rafael Zarza (""Un infiltrado se las ve venir""), bocetos anarquistas, material tridimensional (recortables y collages ""No ahorreís en pintura, Ediciones Refractarias"") y dos ejemplares de la publicación ""CNT"" (números 345 y 346 de 2008). Se completa con el pasquín ""La CNT volverá a ser la leche"", la carpeta ""Poca plata"" con papelería timbrada, un soporte magnético (disquete 3,5"") rotulado ""La Infiltración"", un sobre de conservación con el material de la exposición ""Poca plata"" celebrada en el espacio Cruce, la carpeta ""Textos varios Refractor Infiltración Escoria"" con borradores e impresos corregidos autógrafamente y pruebas preparatorias de impresión.",PUBLICACIONES
PUBLICACIONES-C025-P002,ES-CEDCS-ZARZA-PUBLICACIONES-C025-P002,C025-P002,"[Carpeta 1: ""La Infiltración"" (ca. 2002). Borradores e impresos con correcciones manuscritas autógrafas]",[ca. 2002 - ca. 2008],1 carpeta de conservación,"Carpeta de conservación en color negro sin rotular con expediente de trabajo y diseño gráfico de la publicación seriada ""La Infiltración"" (ca. 2002). Reúne borradores e impresos con correcciones manuscritas autógrafas, material gráfico e informativo sobre la CIA (""Conspiración Internacional Anarquista""), composiciones originales en collage, estudios de diseño para el cartel ""COAIN Insértate"" con fotocomposición de máquinas de pinball y bocetos del logotipo de ""La Infiltración"" trazados a lápiz sobre papel de seda. Se completa con notas manuscritas, reportajes fotográficos (en blanco y negro), impresos sueltos y un ejemplar de la revista ""Semana"" (11 de septiembre de 2002).",PUBLICACIONES
PUBLICACIONES-C026,ES-CEDCS-ZARZA-PUBLICACIONES-C026,C026,[Caja 26: Materiales Refractor],[ca. 1997 - ca. 2003],1 caja de archivo definitivo (contiene 2 carpetas de conservación).,"Reúne documentación de contexto, preproducción y materiales de difusión vinculados a la publicación ""Refractor"", Rafael Zarza, los actos en homenaje a Kiko Rivas y la exposición para el MEIAC en ARCO 2003 (1997-2003). El conjunto incluye maquetas de imprenta (monstruos) para la muestra de Grazalema (""ZRZ, 'Tan solo una ilusión'""), la funda de plástico ""CNT Revolución Española varios"", ejemplares de ""CNT"" y ""El Plante"", el sobre ""Programas, folletos varios de arte paralelo a Refractor"", la carpeta ""Diversos papeles para contextualizar el momento (1997-2003)"" y carteles a doble cara en DIN A2 de ""Las otras galerías. La cárcel y las bellas artes en la época moderna"".",PUBLICACIONES
PUBLICACIONES-C026-P001,ES-CEDCS-ZARZA-PUBLICACIONES-C026-P001,C026-P001,"[Carpeta 1: Reúne documentación de contexto, materiales de preproducción y folletos de difusión vinculados a la publicación ""Refractor""]",[ca. 1997 - ca. 2003],1 carpeta de conservación,"Reúne documentación de contexto, materiales de preproducción y folletos de difusión vinculados a la publicación ""Refractor"", el artista Rafael Zarza y los actos en homenaje a Francisco Rivas (Kiko Rivas) (1997-2003). El conjunto incluye la maqueta de preproducción (monstruo de imprenta) para la exposición de Grazalema rotulada ""ZRZ, 'Tan solo una ilusión', monstruo para expo Grazalema honor a Q"", la funda de plástico ""CNT Revolución Española varios"" con recortes de prensa, ejemplares de las publicaciones seriadas ""CNT"" y ""El Plante"", el sobre con impresos y programas de mano titulado ""Programas, folletos varios de arte paralelo a Refractor"" y la carpeta de antecedentes de Rafael Zarza ""Diversos papeles para contextualizar el momento (1997-2003)"".",PUBLICACIONES
EXPOSICIONES-C026-P002,ES-CEDCS-ZARZA-EXPOSICIONES-C026-P002,C026-P002,"[Carpeta 2:  Pósters promocionales impresos a doble cara en formato DIN A2, ""Las otras galerías"" ]",[ca. 2003],1 carpeta de conservación,"Conjunto de pósters promocionales impresos a doble cara en formato DIN A2, titulados ""Las otras galerías. La cárcel y las bellas artes en la época moderna"" (ca. 2003). La documentación constituye el material impreso de difusión y avance del proyecto expositivo comisariado por Francisco Rivas (Kiko Rivas) y Rafael Zarza para el Museo Extremeño e Iberoamericano de Arte Contemporáneo (MEIAC), presentado en el marco de la feria de arte ARCO 2003. El impreso incluye en el anverso la reproducción gráfica de una celda penitenciaria con texto sobreimpreso y en el reverso una selección de las piezas artísticas exhibidas junto con la relación de participantes.",EXPOSICIONES
PUBLICACIONES-C027,ES-CEDCS-ZARZA-PUBLICACIONES-C027,C027,"[Caja 26: ""Archivo Refractor de Kiko Falcón Víctor Nero""]",[s.f.],1 caja de archivo definitivo (contiene 2 carpetas de conservación).,"Carpeta en color granate rotulada ""Archivo Refractor de Kiko Falcón Víctor Nero"" y carpeta miscelanea  ""Acta 2. Kiko Rivas, archivo y cárcel"".",PUBLICACIONES
PUBLICACIONES-C027-P001,ES-CEDCS-ZARZA-PUBLICACIONES-C027-P001,C027-P001,"[Carpeta 1: ""Archivo Refractor de Kiko Falcón Víctor Nero""]",[s.f.],1 carpeta de conservación,"Carpeta en color granate rotulada ""Archivo Refractor de Kiko Falcón Víctor Nero"". Reúne documentación de producción editorial, difusión y registros gráficos acumulados referidos a la publicación ""Refractor"". El conjunto contiene ejemplares impresos de la publicación ""Refractor"", tarjetas de presentación (""El polizón"", ""Los refractarios"", ""Dios es negra""), el manuscrito ""El segundo salón refractario se prolonga hasta el 30 de enero"", pasquines, carteles promocionales (incluyendo el de las actividades en la sede de la calle San Carlos 13) y recortes de prensa originales y reprográficos. Se completa con el dossier informativo del ""Segundo Salón Refractario"" (1998-1999), mataeriales fotocopiados y corregidos a mano sobre ""Los Correctores"" de Kiko Rivas (1995-1998), correspondencia vinculada a Alberto García-Alix (París, 2005) y reportajes fotográficos originales de Rafael Montesinos (1998) del acto ""El estado es la obra de arte"" (calle Bocángel, Madrid), con registros del grupo musical Fac Rag Cutter.",PUBLICACIONES
PUBLICACIONES-C027-P002,ES-CEDCS-ZARZA-PUBLICACIONES-C027-P002,C027-P002,[Carpeta 2: Miscelanea],[s.f.],1 carpeta de conservación,"El conjunto incluye un ejemplar del número 2 (junio de 2017) de la publicación ""Acta 2. Kiko Rivas, archivo y cárcel"", dos ejemplares del catálogo de la exposición ""Viento de lo otro"" de Arturo Marián Llanos (1998) y una tarjeta postal dirigida a Rafael Zarza. Se completa con un soporte óptico (CD-ROM) rotulado ""Negras Tormentas Demo"" y correspondencia electrónica impresa de Rafael Zarza dirigida a Ángel Iralta y Antonio Pérez sobre el proyecto del documental ""Negras Tormentas, un film en rojo y negro, 1910-2010, Centenario Confederación Nacional del Trabajo"".",PUBLICACIONES
,ES-CEDCS-ZARZA-,#VALUE!,,,,,XXXXX
,ES-CEDCS-ZARZA-,#VALUE!,,,,,XXXXX
,ES-CEDCS-ZARZA-,#VALUE!,,,,,XXXXX
,ES-CEDCS-ZARZA-,#VALUE!,,,,,XXXXX
,ES-CEDCS-ZARZA-,#VALUE!,,,,,XXXXX
,ES-CEDCS-ZARZA-,#VALUE!,,,,,XXXXX
,ES-CEDCS-ZARZA-,#VALUE!,,,,,XXXXX
,ES-CEDCS-ZARZA-,#VALUE!,,,,,XXXXX
,ES-CEDCS-ZARZA-,#VALUE!,,,,,XXXXX
,ES-CEDCS-ZARZA-,#VALUE!,,,,,XXXXX
,ES-CEDCS-ZARZA-,#VALUE!,,,,,XXXXX
,ES-CEDCS-ZARZA-,#VALUE!,,,,,XXXXX
,ES-CEDCS-ZARZA-,#VALUE!,,,,,XXXXX
,ES-CEDCS-ZARZA-,#VALUE!,,,,,XXXXX
,ES-CEDCS-ZARZA-,#VALUE!,,,,,XXXXX
,ES-CEDCS-ZARZA-,#VALUE!,,,,,XXXXX
,ES-CEDCS-ZARZA-,#VALUE!,,,,,XXXXX
,ES-CEDCS-ZARZA-,#VALUE!,,,,,XXXXX
,ES-CEDCS-ZARZA-,#VALUE!,,,,,XXXXX
,ES-CEDCS-ZARZA-,#VALUE!,,,,,XXXXX
,ES-CEDCS-ZARZA-,#VALUE!,,,,,XXXXX
,ES-CEDCS-ZARZA-,#VALUE!,,,,,XXXXX
,ES-CEDCS-ZARZA-,#VALUE!,,,,,XXXXX
,ES-CEDCS-ZARZA-,#VALUE!,,,,,XXXXX
,ES-CEDCS-ZARZA-,#VALUE!,,,,,XXXXX
